[{"id": "76549bef-3845-42a5-8af4-4f292fee5d7b", "conversation_id": "686ae94a-38b0-800a-b024-1595a2ad450c", "user_id": "user-GA8MOHNnAd4tqmwV9koyCAZg", "rating": "thumbs_up", "create_time": "2025-07-07T01:34:20.176987Z", "workspace_id": null, "content": "{}", "evaluation_name": null, "evaluation_treatment": null, "update_time": "2025-07-07T01:34:20.194964Z"}, {"id": "201d35df-3401-4b20-bfd7-2ea42b238893", "conversation_id": "686d0e36-f1d8-800a-9de3-1f23bce13653", "user_id": "user-GA8MOHNnAd4tqmwV9koyCAZg", "rating": "thumbs_up", "create_time": "2025-07-08T18:19:57.860408Z", "workspace_id": null, "content": "{}", "evaluation_name": null, "evaluation_treatment": null, "update_time": "2025-07-08T18:19:57.918193Z"}, {"id": "854e58a2-f8ac-405b-a629-4a801a0fbe56", "conversation_id": "686d0e36-f1d8-800a-9de3-1f23bce13653", "user_id": "user-GA8MOHNnAd4tqmwV9koyCAZg", "rating": "thumbs_up", "create_time": "2025-07-08T18:23:20.462791Z", "workspace_id": null, "content": "{}", "evaluation_name": null, "evaluation_treatment": null, "update_time": "2025-07-08T18:23:20.495916Z"}, {"id": "c0e20332-e652-4cd8-b364-ddbb884eac53", "conversation_id": "686d0e36-f1d8-800a-9de3-1f23bce13653", "user_id": "user-GA8MOHNnAd4tqmwV9koyCAZg", "rating": "thumbs_up", "create_time": "2025-07-08T19:23:09.365892Z", "workspace_id": null, "content": "{}", "evaluation_name": null, "evaluation_treatment": null, "update_time": "2025-07-08T19:23:09.443332Z"}, {"id": "95121178-bfc7-40a6-8945-b34b9a8f4101", "conversation_id": "686e571b-da60-800a-b553-7a667f7db937", "user_id": "user-GA8MOHNnAd4tqmwV9koyCAZg", "rating": "thumbs_up", "create_time": "2025-07-09T14:46:51.599040Z", "workspace_id": null, "content": "{}", "evaluation_name": null, "evaluation_treatment": null, "update_time": "2025-07-09T14:46:51.615628Z"}, {"id": "1e6dc424-f51b-44cd-b40d-3b348d7b23f4", "conversation_id": "6884f614-cfc8-800a-b38f-17ca832e9423", "user_id": "user-GA8MOHNnAd4tqmwV9koyCAZg", "rating": "thumbs_up", "create_time": "2025-07-26T17:36:48.285067Z", "workspace_id": null, "content": "{}", "evaluation_name": null, "evaluation_treatment": null, "update_time": "2025-07-26T17:36:48.303221Z"}]